Customer ID,Customer Name,Customer Email,Age,Gender
CID0001,Aamir Abbas,aamir.abbas@gmail.com,37,Female
CID0002,Abigail Wrightson,abigail.wrightson@gmail.com,18,Female
CID0003,Abigail Youngblood,abigail.youngblood@gmail.com,18,Male
CID0004,Adam Lewis,adam.lewis@gmail.com,67,Male
CID0005,Addie Smith,addie.smith@gmail.com,59,Male
CID0006,Adrian Green,adrian.green@gmail.com,24,Female
CID0007,Agnita Williams,agnita.williams@gmail.com,27,Female
CID0008,Aiden Brownfield,aiden.brownfield@gmail.com,36,Female
CID0009,Aiden Clarkston,aiden.clarkston@gmail.com,47,Male
CID0010,Aiden Davidson,aiden.davidson@gmail.com,48,Male
CID0011,Aiden Greenway,aiden.greenway@gmail.com,69,Male
CID0012,Aiden Harrington,aiden.harrington@gmail.com,63,Male
CID0013,Aiden Johnsonson,aiden.johnsonson@gmail.com,35,Female
CID0014,Aiden Lewisburg,aiden.lewisburg@gmail.com,24,Female
CID0015,Aiden Martinezson,aiden.martinezson@gmail.com,42,Male
CID0016,Aiden Miller,aiden.miller@gmail.com,56,Female
CID0017,Aiden Scottman,aiden.scottman@gmail.com,25,Male
CID0018,Aiden Walkerfield,aiden.walkerfield@gmail.com,65,Male
CID0019,Aiden Whitehouse,aiden.whitehouse@gmail.com,70,Male
CID0020,Aiden Youngs,aiden.youngs@gmail.com,40,Female
CID0021,Aimee Johnson,aimee.johnson@gmail.com,45,Female
CID0022,Alana Brown,alana.brown@gmail.com,48,Female
CID0023,Albert Clark,albert.clark@gmail.com,70,Male
CID0024,Alex Browning,alex.browning@gmail.com,26,Female
CID0025,Alex Davenport,alex.davenport@gmail.com,29,Male
CID0026,Alex Davidson,alex.davidson@gmail.com,32,Male
CID0027,Alex Davis,alex.davis@gmail.com,20,Female
CID0028,Alex Davison,alex.davison@gmail.com,18,Female
CID0029,Alex Hamiltonshire,alex.hamiltonshire@gmail.com,61,Male
CID0030,Alex Joneson,alex.joneson@gmail.com,62,Female
CID0031,Alex Millerfield,alex.millerfield@gmail.com,66,Male
CID0032,Alex Mooreland,alex.mooreland@gmail.com,55,Female
CID0033,Alex Smithson,alex.smithson@gmail.com,38,Female
CID0034,Alex Taylorson,alex.taylorson@gmail.com,68,Male
CID0035,Alex Williamson,alex.williamson@gmail.com,18,Male
CID0036,Alexander Leet,alexander.leet@gmail.com,30,Male
CID0037,Alexander Youngs,alexander.youngs@gmail.com,63,Female
CID0038,Alexandra Harris,alexandra.harris@gmail.com,27,Female
CID0039,Alexis Walker,alexis.walker@gmail.com,51,Female
CID0040,Alice Davis,alice.davis@gmail.com,34,Female
CID0041,Amanda Young,amanda.young@gmail.com,20,Female
CID0042,Amelia Clark,amelia.clark@gmail.com,35,Male
CID0043,Amelia Robertsson,amelia.robertsson@gmail.com,41,Male
CID0044,Amy Lewis,amy.lewis@gmail.com,48,Male
CID0045,Andrew Scott,andrew.scott@gmail.com,69,Female
CID0046,Andrew Wrightson,andrew.wrightson@gmail.com,64,Female
CID0047,Angela White,angela.white@gmail.com,69,Female
CID0048,Anita Davis,anita.davis@gmail.com,60,Female
CID0049,Annabelle Johnson,annabelle.johnson@gmail.com,67,Female
CID0050,Anthony Martin,anthony.martin@gmail.com,45,Male
CID0051,Anthony Wright,anthony.wright@gmail.com,18,Male
CID0052,April Harris,april.harris@gmail.com,39,Female
CID0053,Aria Robinsonville,aria.robinsonville@gmail.com,51,Male
CID0054,Ariana Smith,ariana.smith@gmail.com,62,Male
CID0055,Arthur Johnson,arthur.johnson@gmail.com,32,Female
CID0056,Ashley Wilson,ashley.wilson@gmail.com,64,Female
CID0057,Austin Young,austin.young@gmail.com,18,Female
CID0058,Ava Adamsfield,ava.adamsfield@gmail.com,34,Female
CID0059,Ava Brownstone,ava.brownstone@gmail.com,28,Male
CID0060,Ava Clarkson,ava.clarkson@gmail.com,21,Female
CID0061,Ava Hilltop,ava.hilltop@gmail.com,19,Female
CID0062,Ava Leefield,ava.leefield@gmail.com,69,Female
CID0063,Ava Martinez,ava.martinez@gmail.com,68,Female
CID0064,Ava Martinezville,ava.martinezville@gmail.com,48,Female
CID0065,Ava Scottland,ava.scottland@gmail.com,22,Male
CID0066,Ava Walkerfield,ava.walkerfield@gmail.com,52,Female
CID0067,Ava Youngs,ava.youngs@gmail.com,62,Male
CID0068,Avery Brown,avery.brown@gmail.com,67,Female
CID0069,Barbara Lee,barbara.lee@gmail.com,25,Female
CID0070,Barry Harris,barry.harris@gmail.com,42,Male
CID0071,Beatrice Scott,beatrice.scott@gmail.com,57,Male
CID0072,Bella Green,bella.green@gmail.com,69,Female
CID0073,Ben Harris,ben.harris@gmail.com,31,Female
CID0074,Benjamin Kingman,benjamin.kingman@gmail.com,33,Male
CID0075,Benjamin Leevers,benjamin.leevers@gmail.com,46,Female
CID0076,Benjamin Lewiston,benjamin.lewiston@gmail.com,67,Male
CID0077,Benjamin Scottfield,benjamin.scottfield@gmail.com,69,Female
CID0078,Benjamin Turner,benjamin.turner@gmail.com,62,Male
CID0079,Benjamin Walkerman,benjamin.walkerman@gmail.com,48,Male
CID0080,Benjamin Whitefield,benjamin.whitefield@gmail.com,69,Female
CID0081,Bernard Clark,bernard.clark@gmail.com,42,Female
CID0082,Bethany Brown,bethany.brown@gmail.com,18,Male
CID0083,Bill Davis,bill.davis@gmail.com,41,Female
CID0084,Blake Johnson,blake.johnson@gmail.com,39,Male
CID0085,Brandon Harris,brandon.harris@gmail.com,34,Female
CID0086,Brenda Green,brenda.green@gmail.com,62,Female
CID0087,Brian White,brian.white@gmail.com,49,Female
CID0088,Brittany Lewis,brittany.lewis@gmail.com,43,Female
CID0089,Brooke Scott,brooke.scott@gmail.com,63,Female
CID0090,Bruce Johnson,bruce.johnson@gmail.com,62,Female
CID0091,Bryan Walker,bryan.walker@gmail.com,25,Female
CID0092,Caitlyn Brown,caitlyn.brown@gmail.com,39,Male
CID0093,Caleb Whitestone,caleb.whitestone@gmail.com,43,Male
CID0094,Calvin Green,calvin.green@gmail.com,69,Female
CID0095,Cameron Harris,cameron.harris@gmail.com,63,Female
CID0096,Camilia Larrson,camilia.larrson@gmail.com,68,Male
CID0097,Carl Johnson,carl.johnson@gmail.com,54,Male
CID0098,Carla White,carla.white@gmail.com,70,Male
CID0099,Carmen Scott,carmen.scott@gmail.com,35,Male
CID0100,Carol Davis,carol.davis@gmail.com,55,Female
CID0101,Carson Young,carson.young@gmail.com,67,Female
CID0102,Cassandra Lewis,cassandra.lewis@gmail.com,35,Female
CID0103,Charles Davis,charles.davis@gmail.com,66,Male
CID0104,Charlotte Brownwood,charlotte.brownwood@gmail.com,42,Male
CID0105,Charlotte Clarkson,charlotte.clarkson@gmail.com,65,Male
CID0106,Charlotte Davisville,charlotte.davisville@gmail.com,70,Male
CID0107,Charlotte Green,charlotte.green@gmail.com,26,Male
CID0108,Charlotte Greenfield,charlotte.greenfield@gmail.com,65,Male
CID0109,Charlotte Johnsonson,charlotte.johnsonson@gmail.com,22,Male
CID0110,Charlotte Kingman,charlotte.kingman@gmail.com,45,Female
CID0111,Charlotte Lewisfield,charlotte.lewisfield@gmail.com,51,Male
CID0112,Charlotte Scottson,charlotte.scottson@gmail.com,25,Female
CID0113,Charlotte Walkerfield,charlotte.walkerfield@gmail.com,43,Female
CID0114,Charlotte Whitehouse,charlotte.whitehouse@gmail.com,50,Male
CID0115,Charlotte Youngs,charlotte.youngs@gmail.com,69,Female
CID0116,Chloe Adamsville,chloe.adamsville@gmail.com,53,Male
CID0117,Chloe Clarkston,chloe.clarkston@gmail.com,56,Male
CID0118,Chloe Davisfield,chloe.davisfield@gmail.com,47,Male
CID0119,Chloe Lewisburg,chloe.lewisburg@gmail.com,40,Male
CID0120,Chloe Walkerfield,chloe.walkerfield@gmail.com,33,Female
CID0121,Chloe Williams,chloe.williams@gmail.com,70,Female
CID0122,Chris Browning,chris.browning@gmail.com,56,Female
CID0123,Chris Davids,chris.davids@gmail.com,26,Female
CID0124,Chris Davidson,chris.davidson@gmail.com,70,Male
CID0125,Chris Davisfield,chris.davisfield@gmail.com,53,Female
CID0126,Chris Davison,chris.davison@gmail.com,64,Male
CID0127,Chris Johnsonson,chris.johnsonson@gmail.com,20,Female
CID0128,Chris Jonesfield,chris.jonesfield@gmail.com,53,Female
CID0129,Chris Millerfield,chris.millerfield@gmail.com,68,Female
CID0130,Chris Mooreland,chris.mooreland@gmail.com,26,Male
CID0131,Chris Smithson,chris.smithson@gmail.com,61,Female
CID0132,Chris Taylor,chris.taylor@gmail.com,63,Female
CID0133,Chris Taylorson,chris.taylorson@gmail.com,68,Male
CID0134,Chris Williamson,chris.williamson@gmail.com,52,Male
CID0135,Chris Wilsonson,chris.wilsonson@gmail.com,64,Female
CID0136,Christopher Symonds,christopher.symonds@gmail.com,32,Male
CID0137,Clara Brown,clara.brown@gmail.com,61,Female
CID0138,Clifford White,clifford.white@gmail.com,18,Female
CID0139,Colleen Harris,colleen.harris@gmail.com,58,Female
CID0140,Connie Walker,connie.walker@gmail.com,56,Female
CID0141,Craig Lewis,craig.lewis@gmail.com,68,Female
CID0142,Crystal Johnson,crystal.johnson@gmail.com,41,Male
CID0143,Curtis Davis,curtis.davis@gmail.com,64,Female
CID0144,Daisy Smith,daisy.smith@gmail.com,45,Male
CID0145,Dakota Harris,dakota.harris@gmail.com,59,Female
CID0146,Daniel Allenfield,daniel.allenfield@gmail.com,50,Male
CID0147,Daniel Brownstone,daniel.brownstone@gmail.com,69,Female
CID0148,Daniel Clarkson,daniel.clarkson@gmail.com,43,Male
CID0149,Daniel Davisfield,daniel.davisfield@gmail.com,60,Male
CID0150,Daniel Greenway,daniel.greenway@gmail.com,32,Male
CID0151,Daniel Harrington,daniel.harrington@gmail.com,57,Male
CID0152,Daniel Johnsonson,daniel.johnsonson@gmail.com,23,Male
CID0153,Daniel Leewood,daniel.leewood@gmail.com,25,Female
CID0154,Daniel Lewis,daniel.lewis@gmail.com,53,Female
CID0155,Daniel Lewisfield,daniel.lewisfield@gmail.com,66,Male
CID0156,Daniel Scottman,daniel.scottman@gmail.com,55,Male
CID0157,Daniel Thomason,daniel.thomason@gmail.com,69,Female
CID0158,Daniel Walkerfield,daniel.walkerfield@gmail.com,26,Male
CID0159,Daniel Whitehouse,daniel.whitehouse@gmail.com,40,Female
CID0160,Daniel Youngs,daniel.youngs@gmail.com,20,Female
CID0161,Darren Brown,darren.brown@gmail.com,38,Male
CID0162,David Davidson,david.davidson@gmail.com,47,Male
CID0163,David Davis,david.davis@gmail.com,19,Male
CID0164,David Davisfield,david.davisfield@gmail.com,26,Female
CID0165,David Davison,david.davison@gmail.com,34,Female
CID0166,David Jonesfield,david.jonesfield@gmail.com,42,Female
CID0167,David Millerfield,david.millerfield@gmail.com,30,Male
CID0168,David Mooreland,david.mooreland@gmail.com,40,Male
CID0169,David Smithson,david.smithson@gmail.com,52,Female
CID0170,David Walker,david.walker@gmail.com,65,Female
CID0171,David Williamson,david.williamson@gmail.com,57,Male
CID0172,David Wilsonfield,david.wilsonfield@gmail.com,34,Male
CID0173,Dawn Young,dawn.young@gmail.com,38,Male
CID0174,Deanna Clark,deanna.clark@gmail.com,63,Male
CID0175,Dennis Johnson,dennis.johnson@gmail.com,33,Female
CID0176,Diana Smith,diana.smith@gmail.com,70,Male
CID0177,Diane White,diane.white@gmail.com,30,Male
CID0178,Donald Harris,donald.harris@gmail.com,65,Female
CID0179,Donna Green,donna.green@gmail.com,58,Male
CID0180,Doris Young,doris.young@gmail.com,64,Male
CID0181,Douglas Lewis,douglas.lewis@gmail.com,62,Female
CID0182,Drew Scott,drew.scott@gmail.com,51,Female
CID0183,Dylan Brown,dylan.brown@gmail.com,63,Male
CID0184,Edith Clark,edith.clark@gmail.com,18,Female
CID0185,Elaine Johnson,elaine.johnson@gmail.com,68,Female
CID0186,Eleanor White,eleanor.white@gmail.com,62,Male
CID0187,Elijah Davisfield,elijah.davisfield@gmail.com,25,Male
CID0188,Elijah Martinson,elijah.martinson@gmail.com,61,Male
CID0189,Elizabeth Harris,elizabeth.harris@gmail.com,53,Male
CID0190,Ella Brownfield,ella.brownfield@gmail.com,66,Male
CID0191,Ella Davisfield,ella.davisfield@gmail.com,66,Female
CID0192,Ella Johnsonson,ella.johnsonson@gmail.com,58,Male
CID0193,Ella Scottman,ella.scottman@gmail.com,64,Male
CID0194,Ella Thomason,ella.thomason@gmail.com,46,Male
CID0195,Ella Whitehouse,ella.whitehouse@gmail.com,30,Female
CID0196,Ella Youngs,ella.youngs@gmail.com,52,Male
CID0197,Emily Adamsfield,emily.adamsfield@gmail.com,40,Male
CID0198,Emily Clarkson,emily.clarkson@gmail.com,47,Female
CID0199,Emily Johnsonson,emily.johnsonson@gmail.com,68,Female
CID0200,Emily Martinson,emily.martinson@gmail.com,65,Female
CID0201,Emily Scottson,emily.scottson@gmail.com,36,Female
CID0202,Emily Walkerfield,emily.walkerfield@gmail.com,22,Female
CID0203,Emily White,emily.white@gmail.com,38,Female
CID0204,Emma Andersonfield,emma.andersonfield@gmail.com,35,Female
CID0205,Emma Brownstone,emma.brownstone@gmail.com,39,Male
CID0206,Emma Clarkson,emma.clarkson@gmail.com,43,Male
CID0207,Emma Davis,emma.davis@gmail.com,18,Male
CID0208,Emma Davisfield,emma.davisfield@gmail.com,67,Male
CID0209,Emma Greenway,emma.greenway@gmail.com,29,Male
CID0210,Emma Harrington,emma.harrington@gmail.com,33,Female
CID0211,Emma Johnsonson,emma.johnsonson@gmail.com,66,Male
CID0212,Emma Kingman,emma.kingman@gmail.com,57,Male
CID0213,Emma Lewisfield,emma.lewisfield@gmail.com,50,Female
CID0214,Emma Martinezville,emma.martinezville@gmail.com,46,Female
CID0215,Emma Scottman,emma.scottman@gmail.com,42,Male
CID0216,Emma Walkerfield,emma.walkerfield@gmail.com,29,Female
CID0217,Emma Whitehouse,emma.whitehouse@gmail.com,64,Male
CID0218,Eric Green,eric.green@gmail.com,31,Female
CID0219,Erin Brown,erin.brown@gmail.com,67,Male
CID0220,Ethan Brownfield,ethan.brownfield@gmail.com,40,Male
CID0221,Ethan Harrington,ethan.harrington@gmail.com,66,Female
CID0222,Ethan Wilsonson,ethan.wilsonson@gmail.com,27,Male
CID0223,Ethan Young,ethan.young@gmail.com,55,Female
CID0224,Ethan Youngs,ethan.youngs@gmail.com,68,Female
CID0225,Evelyn Harris,evelyn.harris@gmail.com,65,Female
CID0226,Faith Lewis,faith.lewis@gmail.com,41,Male
CID0227,Felix Johnson,felix.johnson@gmail.com,61,Female
CID0228,Fiona Clark,fiona.clark@gmail.com,45,Male
CID0229,Frances Brown,frances.brown@gmail.com,38,Male
CID0230,Frank Scott,frank.scott@gmail.com,22,Female
CID0231,Fred White,fred.white@gmail.com,68,Male
CID0232,Gabriel Lewisfield,gabriel.lewisfield@gmail.com,21,Female
CID0233,Gail Harris,gail.harris@gmail.com,51,Female
CID0234,Gavin Davis,gavin.davis@gmail.com,54,Male
CID0235,Georgia Young,georgia.young@yahoo.com,67,Female
CID0236,Gerald Lewis,gerald.lewis@yahoo.com,42,Male
CID0237,Gina Johnson,gina.johnson@yahoo.com,57,Male
CID0238,Grace Andersonfield,grace.andersonfield@yahoo.com,21,Female
CID0239,Grace Davisfield,grace.davisfield@yahoo.com,66,Female
CID0240,Grace Greenway,grace.greenway@yahoo.com,48,Male
CID0241,Grace Lewisfield,grace.lewisfield@yahoo.com,60,Male
CID0242,Grace Walkerfield,grace.walkerfield@yahoo.com,35,Female
CID0243,Grace White,grace.white@yahoo.com,60,Female
CID0244,Greg Scott,greg.scott@yahoo.com,27,Female
CID0245,Greta Green,greta.green@yahoo.com,52,Female
CID0246,Gwen Harris,gwen.harris@yahoo.com,37,Male
CID0247,Hailey Davis,hailey.davis@yahoo.com,68,Female
CID0248,Hannah Brown,hannah.brown@yahoo.com,20,Male
CID0249,Harper Thompsonson,harper.thompsonson@yahoo.com,20,Male
CID0250,Harry Johnson,harry.johnson@yahoo.com,67,Male
CID0251,Hazel Clark,hazel.clark@yahoo.com,34,Female
CID0252,Heather White,heather.white@yahoo.com,48,Female
CID0253,Heidi Harris,heidi.harris@yahoo.com,21,Male
CID0254,Henry Brownstone,henry.brownstone@yahoo.com,46,Female
CID0255,Henry Clarkson,henry.clarkson@yahoo.com,49,Female
CID0256,Henry Harrington,henry.harrington@yahoo.com,58,Female
CID0257,Henry Johnsonson,henry.johnsonson@yahoo.com,67,Male
CID0258,Henry Leewood,henry.leewood@yahoo.com,66,Male
CID0259,Henry Taylorson,henry.taylorson@yahoo.com,63,Female
CID0260,Henry Young,henry.young@yahoo.com,62,Female
CID0261,Holly Lewis,holly.lewis@yahoo.com,67,Male
CID0262,Hope Brown,hope.brown@yahoo.com,22,Female
CID0263,Hugh Scott,hugh.scott@yahoo.com,31,Female
CID0264,Ian Green,ian.green@yahoo.com,55,Female
CID0265,Irene White,irene.white@yahoo.com,55,Male
CID0266,Iris Johnson,iris.johnson@yahoo.com,31,Female
CID0267,Isaac Davis,isaac.davis@yahoo.com,36,Male
CID0268,Isabella Brownwood,isabella.brownwood@yahoo.com,67,Female
CID0269,Isabella Davisfield,isabella.davisfield@yahoo.com,49,Female
CID0270,Isabella Lewisfield,isabella.lewisfield@yahoo.com,43,Male
CID0271,Isabella Whitehouse,isabella.whitehouse@yahoo.com,20,Male
CID0272,Jack Davisfield,jack.davisfield@yahoo.com,42,Male
CID0273,Jack Greenway,jack.greenway@yahoo.com,45,Male
CID0274,Jack Harrington,jack.harrington@yahoo.com,41,Male
CID0275,Jack Leewood,jack.leewood@yahoo.com,67,Male
CID0276,Jack Lewis,jack.lewis@yahoo.com,18,Female
CID0277,Jackson Brownfield,jackson.brownfield@yahoo.com,68,Female
CID0278,Jackson Peters,jackson.peters@yahoo.com,65,Female
CID0279,Jackson Wilsonson,jackson.wilsonson@yahoo.com,67,Male
CID0280,Jacob Andersonfield,jacob.andersonfield@yahoo.com,24,Male
CID0281,Jacob Brown,jacob.brown@yahoo.com,52,Female
CID0282,Jacob Davisfield,jacob.davisfield@yahoo.com,67,Female
CID0283,Jacob Hallwood,jacob.hallwood@yahoo.com,70,Male
CID0284,Jacob Harrington,jacob.harrington@yahoo.com,67,Male
CID0285,Jacob Lewisfield,jacob.lewisfield@yahoo.com,35,Female
CID0286,Jacob Mooreland,jacob.mooreland@yahoo.com,55,Female
CID0287,Jacob Scottman,jacob.scottman@yahoo.com,35,Male
CID0288,Jacob Taylorson,jacob.taylorson@yahoo.com,66,Female
CID0289,Jacob Whitehouse,jacob.whitehouse@yahoo.com,41,Female
CID0290,James Andersonfield,james.andersonfield@yahoo.com,56,Female
CID0291,James Brownfield,james.brownfield@yahoo.com,31,Female
CID0292,James Clark,james.clark@yahoo.com,63,Male
CID0293,James Clarkson,james.clarkson@yahoo.com,26,Male
CID0294,James Davisfield,james.davisfield@yahoo.com,37,Female
CID0295,James Greenway,james.greenway@yahoo.com,28,Female
CID0296,James Hallwood,james.hallwood@yahoo.com,51,Male
CID0297,James Harrington,james.harrington@yahoo.com,44,Male
CID0298,James Lewisfield,james.lewisfield@yahoo.com,29,Male
CID0299,James Martinezson,james.martinezson@yahoo.com,39,Female
CID0300,James Scottman,james.scottman@yahoo.com,48,Male
CID0301,James Walkerfield,james.walkerfield@yahoo.com,67,Male
CID0302,James Whitehouse,james.whitehouse@yahoo.com,20,Female
CID0303,James Youngs,james.youngs@yahoo.com,65,Male
CID0304,Jamie White,jamie.white@yahoo.com,66,Female
CID0305,Jane Brownfield,jane.brownfield@yahoo.com,48,Male
CID0306,Jane Davisfield,jane.davisfield@yahoo.com,69,Female
CID0307,Jane Johnsonson,jane.johnsonson@yahoo.com,54,Female
CID0308,Jane Jonesfield,jane.jonesfield@yahoo.com,61,Male
CID0309,Jane Millerfield,jane.millerfield@yahoo.com,36,Female
CID0310,Jane Mooreland,jane.mooreland@yahoo.com,19,Male
CID0311,Jane Scott,jane.scott@yahoo.com,28,Male
CID0312,Jane Smithson,jane.smithson@yahoo.com,44,Male
CID0313,Jane Taylorson,jane.taylorson@yahoo.com,34,Female
CID0314,Jane Williamson,jane.williamson@yahoo.com,19,Female
CID0315,Jane Wilsonfield,jane.wilsonfield@yahoo.com,19,Female
CID0316,Jared Harris,jared.harris@yahoo.com,68,Male
CID0317,Jasmine Young,jasmine.young@yahoo.com,59,Female
CID0318,Jayden Johnson,jayden.johnson@yahoo.com,38,Male
CID0319,Jenna White,jenna.white@yahoo.com,52,Male
CID0320,Jerome Wilson,jerome.wilson@yahoo.com,69,Male
CID0321,Jesse Clark,jesse.clark@yahoo.com,57,Male
CID0322,Jessica Davisfield,jessica.davisfield@yahoo.com,56,Male
CID0323,Jill Brown,jill.brown@yahoo.com,34,Female
CID0324,Jimmy Harris,jimmy.harris@yahoo.com,39,Female
CID0325,Joan Scott,joan.scott@yahoo.com,64,Female
CID0326,Joe Lewis,joe.lewis@yahoo.com,66,Male
CID0327,John Brownstone,john.brownstone@yahoo.com,42,Male
CID0328,John Davisfield,john.davisfield@yahoo.com,45,Male
CID0329,John Johnsonson,john.johnsonson@yahoo.com,52,Female
CID0330,John Jonesfield,john.jonesfield@yahoo.com,64,Female
CID0331,John Millerfield,john.millerfield@yahoo.com,66,Female
CID0332,John Mooreland,john.mooreland@yahoo.com,55,Female
CID0333,John O'Shea,john.o'shea@yahoo.com,48,Male
CID0334,John Smithson,john.smithson@yahoo.com,18,Male
CID0335,John Taylorson,john.taylorson@yahoo.com,70,Female
CID0336,John White,john.white@yahoo.com,48,Male
CID0337,John Williamson,john.williamson@yahoo.com,26,Male
CID0338,John Wilsonfield,john.wilsonfield@yahoo.com,19,Male
CID0339,Johnathan Michaels,johnathan.michaels@yahoo.com,27,Female
CID0340,Jordan Davis,jordan.davis@yahoo.com,24,Female
CID0341,Josephine Harris,josephine.harris@yahoo.com,51,Female
CID0342,Joshua Brown,joshua.brown@yahoo.com,59,Male
CID0343,Julia Green,julia.green@yahoo.com,40,Male
CID0344,Justin Young,justin.young@yahoo.com,47,Male
CID0345,Kara Johnson,kara.johnson@yahoo.com,26,Female
CID0346,Karen Davis,karen.davis@yahoo.com,69,Male
CID0347,Kate White,kate.white@yahoo.com,54,Male
CID0348,Katie Brownfield,katie.brownfield@yahoo.com,38,Female
CID0349,Katie Davisfield,katie.davisfield@yahoo.com,69,Male
CID0350,Katie Johnsonson,katie.johnsonson@yahoo.com,20,Female
CID0351,Katie Jonesfield,katie.jonesfield@yahoo.com,25,Female
CID0352,Katie Millerfield,katie.millerfield@yahoo.com,62,Female
CID0353,Katie Mooreland,katie.mooreland@yahoo.com,63,Female
CID0354,Katie Smithson,katie.smithson@yahoo.com,23,Male
CID0355,Katie Williamson,katie.williamson@yahoo.com,41,Male
CID0356,Katie Wilsonfield,katie.wilsonfield@yahoo.com,41,Male
CID0357,Kayla Harris,kayla.harris@yahoo.com,58,Female
CID0358,Kelly Brown,kelly.brown@yahoo.com,31,Female
CID0359,Ken Scott,ken.scott@yahoo.com,55,Male
CID0360,Laura Davisfield,laura.davisfield@yahoo.com,48,Male
CID0361,Laura Johnsonson,laura.johnsonson@yahoo.com,58,Male
CID0362,Laura Jonesfield,laura.jonesfield@yahoo.com,41,Male
CID0363,Laura Martinezville,laura.martinezville@yahoo.com,59,Female
CID0364,Laura Millerfield,laura.millerfield@yahoo.com,61,Female
CID0365,Laura Mooreland,laura.mooreland@yahoo.com,59,Male
CID0366,Laura Smithson,laura.smithson@yahoo.com,27,Male
CID0367,Laura Taylorson,laura.taylorson@yahoo.com,18,Female
CID0368,Laura Williamson,laura.williamson@yahoo.com,67,Male
CID0369,Laura Wilsonfield,laura.wilsonfield@yahoo.com,54,Male
CID0370,Lily Andersonfield,lily.andersonfield@yahoo.com,55,Male
CID0371,Lily Clarkson,lily.clarkson@yahoo.com,47,Female
CID0372,Lily Collinsfield,lily.collinsfield@yahoo.com,29,Male
CID0373,Lily Davisfield,lily.davisfield@yahoo.com,66,Male
CID0374,Lily Greenway,lily.greenway@yahoo.com,67,Male
CID0375,Lily Harrington,lily.harrington@yahoo.com,56,Female
CID0376,Lily Johnsonson,lily.johnsonson@yahoo.com,63,Female
CID0377,Lily Lewisfield,lily.lewisfield@yahoo.com,19,Female
CID0378,Lily Scottman,lily.scottman@yahoo.com,43,Female
CID0379,Lily Walkerfield,lily.walkerfield@yahoo.com,27,Female
CID0380,Lily Whitehouse,lily.whitehouse@yahoo.com,63,Male
CID0381,Lily Youngs,lily.youngs@yahoo.com,27,Female
CID0382,Logan Lewisfield,logan.lewisfield@yahoo.com,70,Male
CID0383,Lucas Andersonfield,lucas.andersonfield@yahoo.com,31,Male
CID0384,Lucas Brownfield,lucas.brownfield@yahoo.com,41,Female
CID0385,Lucas Greenway,lucas.greenway@yahoo.com,66,Male
CID0386,Lucas Harrington,lucas.harrington@yahoo.com,25,Male
CID0387,Lucas Johnsonson,lucas.johnsonson@yahoo.com,51,Female
CID0388,Lucas Martinson,lucas.martinson@yahoo.com,57,Male
CID0389,Lucas Whitehouse,lucas.whitehouse@yahoo.com,42,Male
CID0390,Madison Johnsonson,madison.johnsonson@yahoo.com,27,Female
CID0391,Matthew Davisfield,matthew.davisfield@yahoo.com,31,Female
CID0392,Matthew Turnerson,matthew.turnerson@yahoo.com,55,Female
CID0393,Matthew Wilsonfield,matthew.wilsonfield@yahoo.com,55,Female
CID0394,Mia Allenfield,mia.allenfield@yahoo.com,26,Female
CID0395,Mia Brownstone,mia.brownstone@yahoo.com,49,Female
CID0396,Mia Clarkson,mia.clarkson@yahoo.com,70,Female
CID0397,Mia Davisfield,mia.davisfield@yahoo.com,27,Male
CID0398,Mia Greenway,mia.greenway@yahoo.com,19,Female
CID0399,Mia Harrington,mia.harrington@yahoo.com,23,Male
CID0400,Mia Johnsonson,mia.johnsonson@yahoo.com,41,Female
CID0401,Mia Lewisfield,mia.lewisfield@yahoo.com,42,Female
CID0402,Mia Martinson,mia.martinson@yahoo.com,65,Male
CID0403,Mia Scottman,mia.scottman@yahoo.com,66,Male
CID0404,Mia Taylorson,mia.taylorson@yahoo.com,57,Male
CID0405,Mia Walkerfield,mia.walkerfield@yahoo.com,54,Female
CID0406,Mia Whitehouse,mia.whitehouse@yahoo.com,50,Female
CID0407,Mia Wrightson,mia.wrightson@yahoo.com,21,Female
CID0408,Michael Andersonfield,michael.andersonfield@yahoo.com,52,Male
CID0409,Michael Brownfield,michael.brownfield@yahoo.com,49,Female
CID0410,Michael Kingman,michael.kingman@yahoo.com,68,Female
CID0411,Michael Turnerson,michael.turnerson@yahoo.com,36,Female
CID0412,Michael Walkerfield,michael.walkerfield@yahoo.com,25,Female
CID0413,Mick Folett,mick.folett@yahoo.com,26,Male
CID0414,Mike Bonelli,mike.bonelli@yahoo.com,69,Female
CID0415,Mike Brownfield,mike.brownfield@yahoo.com,62,Female
CID0416,Mike Davisfield,mike.davisfield@hotmail.com,24,Female
CID0417,Mike Johnsonson,mike.johnsonson@hotmail.com,53,Male
CID0418,Mike Jonesfield,mike.jonesfield@hotmail.com,23,Male
CID0419,Mike Millerfield,mike.millerfield@hotmail.com,66,Female
CID0420,Mike Mooreland,mike.mooreland@hotmail.com,39,Male
CID0421,Mike Smithson,mike.smithson@hotmail.com,48,Female
CID0422,Mike Taylorson,mike.taylorson@hotmail.com,58,Male
CID0423,Mike Wilsonfield,mike.wilsonfield@hotmail.com,51,Male
CID0424,Natalie Brownfield,natalie.brownfield@hotmail.com,66,Male
CID0425,Natalie Clarkson,natalie.clarkson@hotmail.com,28,Male
CID0426,Natalie Greenway,natalie.greenway@hotmail.com,37,Female
CID0427,Natalie Harrington,natalie.harrington@hotmail.com,55,Male
CID0428,Natalie Johnsonson,natalie.johnsonson@hotmail.com,53,Male
CID0429,Natalie Walkerfield,natalie.walkerfield@hotmail.com,39,Female
CID0430,Noah Brownfield,noah.brownfield@hotmail.com,44,Female
CID0431,Noah Clarkson,noah.clarkson@hotmail.com,40,Male
CID0432,Noah Davisfield,noah.davisfield@hotmail.com,50,Male
CID0433,Noah Greenway,noah.greenway@hotmail.com,23,Female
CID0434,Noah Harrington,noah.harrington@hotmail.com,29,Male
CID0435,Noah Johnsonson,noah.johnsonson@hotmail.com,69,Female
CID0436,Noah Lewisfield,noah.lewisfield@hotmail.com,27,Male
CID0437,Noah Scottman,noah.scottman@hotmail.com,24,Male
CID0438,Noah Walkerfield,noah.walkerfield@hotmail.com,60,Female
CID0439,Noah Whitehouse,noah.whitehouse@hotmail.com,45,Female
CID0440,Noah Youngs,noah.youngs@hotmail.com,25,Female
CID0441,Oliver Brownfield,oliver.brownfield@hotmail.com,60,Male
CID0442,Oliver Davisfield,oliver.davisfield@hotmail.com,41,Male
CID0443,Oliver Harrington,oliver.harrington@hotmail.com,70,Male
CID0444,Oliver Lewisfield,oliver.lewisfield@hotmail.com,34,Female
CID0445,Oliver Scottman,oliver.scottman@hotmail.com,65,Male
CID0446,Oliver Taylorson,oliver.taylorson@hotmail.com,35,Female
CID0447,Oliver Whitehouse,oliver.whitehouse@hotmail.com,66,Male
CID0448,Oliver Wilsonfield,oliver.wilsonfield@hotmail.com,29,Female
CID0449,Olivia Brownfield,olivia.brownfield@hotmail.com,27,Male
CID0450,Olivia Clarkson,olivia.clarkson@hotmail.com,50,Male
CID0451,Olivia Davisfield,olivia.davisfield@hotmail.com,22,Male
CID0452,Olivia Greenway,olivia.greenway@hotmail.com,65,Male
CID0453,Olivia Harrington,olivia.harrington@hotmail.com,20,Female
CID0454,Olivia Johnsonson,olivia.johnsonson@hotmail.com,38,Female
CID0455,Olivia Lewisfield,olivia.lewisfield@hotmail.com,69,Male
CID0456,Olivia Scottman,olivia.scottman@hotmail.com,42,Female
CID0457,Olivia Walkerfield,olivia.walkerfield@hotmail.com,27,Female
CID0458,Olivia Whitehouse,olivia.whitehouse@hotmail.com,39,Male
CID0459,Olivia Youngs,olivia.youngs@hotmail.com,59,Male
CID0460,Omar Neil,omar.neil@hotmail.com,66,Male
CID0461,Owen Whitehouse,owen.whitehouse@hotmail.com,64,Female
CID0462,Paul Brownfield,paul.brownfield@hotmail.com,69,Male
CID0463,Paul Davisfield,paul.davisfield@hotmail.com,18,Female
CID0464,Paul Johnsonson,paul.johnsonson@hotmail.com,70,Female
CID0465,Paul Jonesfield,paul.jonesfield@hotmail.com,28,Male
CID0466,Paul Millerfield,paul.millerfield@hotmail.com,50,Male
CID0467,Paul Smithson,paul.smithson@hotmail.com,23,Male
CID0468,Paul Taylorson,paul.taylorson@hotmail.com,33,Female
CID0469,Paul Williamson,paul.williamson@hotmail.com,38,Male
CID0470,Paul Wilsonfield,paul.wilsonfield@hotmail.com,41,Female
CID0471,Rajesh Sathpathy,rajesh.sathpathy@hotmail.com,46,Male
CID0472,Ronel Inniss,ronel.inniss@hotmail.com,23,Male
CID0473,Ryan Leewood,ryan.leewood@hotmail.com,31,Male
CID0474,Samuel Whitehouse,samuel.whitehouse@hotmail.com,70,Male
CID0475,Sarah Brownfield,sarah.brownfield@hotmail.com,46,Male
CID0476,Sarah Davisfield,sarah.davisfield@hotmail.com,35,Male
CID0477,Sarah Johnsonson,sarah.johnsonson@hotmail.com,32,Female
CID0478,Sarah Jonesfield,sarah.jonesfield@hotmail.com,18,Female
CID0479,Sarah Millerfield,sarah.millerfield@hotmail.com,46,Female
CID0480,Sarah Mooreland,sarah.mooreland@hotmail.com,59,Female
CID0481,Sarah Smithson,sarah.smithson@hotmail.com,36,Female
CID0482,Sarah Williamson,sarah.williamson@hotmail.com,70,Female
CID0483,Sarah Wilsonfield,sarah.wilsonfield@hotmail.com,20,Male
CID0484,Scarlett Garciafield,scarlett.garciafield@hotmail.com,20,Female
CID0485,Scarlett Mooreland,scarlett.mooreland@hotmail.com,30,Male
CID0486,Sean Hudson,sean.hudson@hotmail.com,70,Female
CID0487,Sebastian Allenfield,sebastian.allenfield@hotmail.com,69,Female
CID0488,Sheikh Altaf Khan,sheikh.altaf@hotmail.com,50,Male
CID0489,Sofia Kingman,sofia.kingman@hotmail.com,24,Female
CID0490,Sofia Martinezville,sofia.martinezville@hotmail.com,29,Male
CID0491,Sophia Brownfield,sophia.brownfield@hotmail.com,56,Male
CID0492,Sophia Clarkson,sophia.clarkson@hotmail.com,49,Male
CID0493,Sophia Greenway,sophia.greenway@hotmail.com,43,Female
CID0494,Sophia Harrington,sophia.harrington@hotmail.com,64,Female
CID0495,Sophia Johnsonson,sophia.johnsonson@hotmail.com,64,Male
CID0496,Sophia Mooreland,sophia.mooreland@hotmail.com,59,Male
CID0497,Stephen Lawrence,stephen.lawrence@hotmail.com,60,Male
CID0498,Suresh Sethu,suresh.sethu@hotmail.com,53,Female
CID0499,Thomas Gonzales,thomas.gonzales@hotmail.com,60,Female
CID0500,Zephyr Scott,zephyr.scott@hotmail.com,65,Female
